Subject ID,Subject Name in LFW
1,Aaron_Peirsol                  
2,Abdoulaye_Wade                 
3,Abdullah                       
4,Abel_Pacheco                   
5,Adam_Sandler                   
6,Ahmed_Chalabi                  
7,Ai_Sugiyama                    
8,Al_Gore                        
9,Al_Sharpton                    
10,Alastair_Campbell              
11,Alec_Baldwin                   
12,Alejandro_Toledo               
13,Alexander_Downer               
14,Alexander_Losyukov             
15,Alvaro_Silva_Calderon          
16,Amelia_Vega                    
17,Amer_al-Saadi                  
18,Ana_Guevara                    
19,Anders_Fogh_Rasmussen          
20,Andre_Agassi                   
21,Andy_Roddick                   
22,Angela_Bassett                 
23,Angela_Merkel                  
24,Angelina_Jolie                 
25,Anna_Kournikova                
26,Antonio_Banderas               
27,Antony_Leung                   
28,Ari_Fleischer                  
29,Arianna_Huffington             
30,Ariel_Sharon                   
31,Arminio_Fraga                  
32,Arnold_Schwarzenegger          
33,Arnoldo_Aleman                 
34,Art_Howe                       
35,Ashanti                        
36,Atal_Bihari_Vajpayee           
37,Azra_Akin                      
38,Barbara_Walters                
39,Bashar_Assad                   
40,Ben_Howland                    
41,Benazir_Bhutto                 
42,Benjamin_Netanyahu             
43,Bernard_Landry                 
44,Bernard_Law                    
45,Bill_Clinton                   
46,Bill_Gates                     
47,Bill_Graham                    
48,Bill_Simon                     
49,Billy_Crystal                  
50,Binyamin_Ben-Eliezer           
51,Bob_Graham                     
52,Bob_Hope                       
53,Bob_Huggins                    
54,Bob_Stoops                     
55,Boris_Becker                   
56,Brad_Garrett                   
57,Brad_Johnson                   
58,Britney_Spears                 
59,Bruce_Springsteen              
60,Bud_Selig                      
61,Bulent_Ecevit                  
62,Cameron_Diaz                   
63,Candie_Kung                    
64,Carlos_Menem                   
65,Carlos_Vives                   
66,Carmen_Electra                 
67,Carson_Palmer                  
68,Cate_Blanchett                 
69,Catherine_Deneuve              
70,Catherine_Zeta-Jones           
71,Cesar_Gaviria                  
72,Charles_Moose                  
73,Charlton_Heston                
74,Cherie_Blair                   
75,Choi_Sung-hong                 
76,Christina_Aguilera             
77,Christine_Baumgartner          
78,Christine_Gregoire             
79,Christopher_Walken             
80,Ciro_Gomes                     
81,Clara_Harris                   
82,Clare_Short                    
83,Claudia_Pechstein              
84,Clay_Aiken                     
85,Clint_Eastwood                 
86,Colin_Farrell                  
87,Colin_Montgomerie              
88,Colin_Powell                   
89,Conan_OBrien                   
90,Costas_Simitis                 
91,Cruz_Bustamante                
92,Dale_Earnhardt_Jr              
93,Daniel_Radcliffe               
94,David_Anderson                 
95,David_Beckham                  
96,David_Heymann                  
97,David_Hyde_Pierce              
98,David_Nalbandian               
99,David_Trimble                  
100,David_Wells                    
101,Dean_Barkley                   
102,Debbie_Reynolds                
103,Demi_Moore                     
104,Dennis_Hastert                 
105,Dennis_Kucinich                
106,Diana_Krall                    
107,Dick_Cheney                    
108,Don_Siegelman                  
109,Donald_Fehr                    
110,Doris_Schroeder                
111,Edmund_Stoiber                 
112,Eduard_Shevardnadze            
113,Eduardo_Duhalde                
114,Edwina_Currie                  
115,Elizabeth_Dole                 
116,Elizabeth_Hurley               
117,Elton_John                     
118,Emanuel_Ginobili               
119,Enrique_Bolanos                
120,Erika_Harold                   
121,Ernie_Els                      
122,Ethan_Hawke                    
123,Fayssal_Mekdad                 
124,Fernando_Gonzalez              
125,Fernando_Henrique_Cardoso      
126,Fidel_Castro                   
127,Francisco_Flores               
128,Frank_Solich                   
129,Franz_Fischler                 
130,Franz_Muentefering             
131,Fujio_Cho                      
132,Geoff_Hoon                     
133,George_Clooney                 
134,George_Galloway                
135,George_HW_Bush                 
136,George_Lopez                   
137,George_Papandreou              
138,George_Pataki                  
139,George_Ryan                    
140,George_W_Bush                  
141,Gil_de_Ferran                  
142,Gloria_Macapagal_Arroyo        
143,Gloria_Trevi                   
144,Goldie_Hawn                    
145,Gonzalo_Sanchez_de_Lozada      
146,Grant_Hackett                  
147,Greg_Rusedski                  
148,Gregg_Popovich                 
149,Guillermo_Canas                
150,Guillermo_Coria                
151,Gunter_Pleuger                 
152,Habib_Rizieq                   
153,Hal_Gehman                     
154,Halle_Berry                    
155,Hamid_Karzai                   
156,Hans_Blix                      
157,Harrison_Ford                  
158,Harry_Schmidt                  
159,Heath_Ledger                   
160,Heidi_Klum                     
161,Heizo_Takenaka                 
162,Helen_Clark                    
163,Herb_Sendek                    
164,Hillary_Clinton                
165,Hipolito_Mejia                 
166,Hitomi_Soga                    
167,Holly_Hunter                   
168,Hosni_Mubarak                  
169,Howard_Dean                    
170,Hu_Jintao                      
171,Hugh_Grant                     
172,Hugo_Chavez                    
173,Hun_Sen                        
174,Iain_Duncan_Smith              
175,Igor_Ivanov                    
176,JK_Rowling                     
177,Jack_Straw                     
178,Jackie_Chan                    
179,James_Blake                    
180,James_Wolfensohn               
181,Janet_Napolitano               
182,Jason_Kidd                     
183,Javier_Solana                  
184,Jay_Garner                     
185,Jean-David_Levitte             
186,Jean_Charest                   
187,Jean_Chretien                  
188,Jeb_Bush                       
189,Jelena_Dokic                   
190,Jennifer_Aniston               
191,Jennifer_Garner                
192,Jennifer_Lopez                 
193,Jerry_Regier                   
194,Jerry_Springer                 
195,Jim_Furyk                      
196,Jim_Tressel                    
197,Jiri_Novak                     
198,Joan_Laporta                   
199,Joe_Lieberman                  
200,Joe_Torre                      
201,John_Abizaid                   
202,John_Allen_Muhammad            
203,John_Ashcroft                  
204,John_Edwards                   
205,John_Howard                    
206,John_Kerry                     
207,John_Manley                    
208,John_McCain                    
209,John_Paul_II                   
210,John_Snow                      
211,John_Stockton                  
212,John_Warner                    
213,Jon_Gruden                     
214,Jonathan_Edwards               
215,Jong_Wook_Lee                  
216,Joschka_Fischer                
217,Jose_Manuel_Durao_Barroso      
218,Jose_Maria_Aznar               
219,Jose_Serra                     
220,Joseph_Biden                   
221,Joseph_Estrada                 
222,Juan_Carlos_Ferrero            
223,Juan_Pablo_Montoya             
224,Julianne_Moore                 
225,Junichiro_Koizumi              
226,Justin_Timberlake              
227,Justine_Pasek                  
228,Kalpana_Chawla                 
229,Kate_Hudson                    
230,Kate_Winslet                   
231,Katherine_Harris               
232,Kathleen_Kennedy_Townsend      
233,Keanu_Reeves                   
234,Kevin_Costner                  
235,Kevin_Spacey                   
236,Kim_Clijsters                  
237,Kim_Dae-jung                   
238,Kim_Ryong-sung                 
239,Larry_Brown                    
240,Laura_Bush                     
241,Lee_Hoi-chang                  
242,Li_Peng                        
243,Li_Zhaoxing                    
244,Lindsay_Davenport              
245,Lleyton_Hewitt                 
246,Ludivine_Sagnier               
247,Luis_Gonzalez_Macchi           
248,Luiz_Inacio_Lula_da_Silva      
249,Madonna                        
250,Mahathir_Mohamad               
251,Marc_Grossman                  
252,Marco_Antonio_Barrera          
253,Maria_Soledad_Alvear_Valenzuela
254,Mariah_Carey                   
255,Mark_Hurlbert                  
256,Mark_Philippoussis             
257,Mark_Wahlberg                  
258,Martha_Lucia_Ramirez           
259,Martin_McGuinness              
260,Martin_Scorsese                
261,Martina_McBride                
262,Mary_Carey                     
263,Matt_Damon                     
264,Matthew_Perry                  
265,Megawati_Sukarnoputri          
266,Meryl_Streep                   
267,Mian_Khursheed_Mehmood_Kasuri  
268,Michael_Bloomberg              
269,Michael_Caine                  
270,Michael_Chiklis                
271,Michael_Douglas                
272,Michael_Jordan                 
273,Michael_Powell                 
274,Michael_Schumacher             
275,Michelle_Kwan                  
276,Mick_Jagger                    
277,Mike_Krzyzewski                
278,Mike_Martz                     
279,Mike_Myers                     
280,Mike_Tyson                     
281,Mike_Weir                      
282,Mikhail_Kasyanov               
283,Mikhail_Wehbe                  
284,Mitchell_Daniels               
285,Mohammed_Al-Douri              
286,Monica_Bellucci                
287,Monica_Seles                   
288,Moshe_Katsav                   
289,Muhammad_Saeed_al-Sahhaf       
290,Nadia_Petrova                  
291,Naji_Sabri                     
292,Nan_Wang                       
293,Naomi_Watts                    
294,Nathalie_Baye                  
295,Nelson_Mandela                 
296,Nestor_Kirchner                
297,Nia_Vardalos                   
298,Nick_Nolte                     
299,Nicolas_Cage                   
300,Nicole_Kidman                  
301,Noelle_Bush                    
302,Norah_Jones                    
303,Omar_Sharif                    
304,Oprah_Winfrey                  
305,Oscar_De_La_Hoya               
306,Oswaldo_Paya                   
307,Oxana_Fedorova                 
308,Pamela_Anderson                
309,Paradorn_Srichaphan            
310,Patricia_Clarkson              
311,Paul_Bremer                    
312,Paul_McCartney                 
313,Paul_ONeill                    
314,Paul_Tagliabue                 
315,Paul_Wolfowitz                 
316,Paula_Radcliffe                
317,Pedro_Almodovar                
318,Pervez_Musharraf               
319,Pete_Sampras                   
320,Peter_Struck                   
321,Prince_Charles                 
322,Prince_Claus                   
323,Princess_Caroline              
324,Pupi_Avati                     
325,Queen_Beatrix                  
326,Queen_Elizabeth_II             
327,Queen_Latifah                  
328,Queen_Rania                    
329,Rafael_Ramirez                 
330,Rainer_Schuettler              
331,Raoul_Ruiz                     
332,Ray_Romano                     
333,Rebekah_Chantay_Revels         
334,Recep_Tayyip_Erdogan           
335,Ricardo_Lagos                  
336,Ricardo_Sanchez                
337,Richard_Armitage               
338,Richard_Gephardt               
339,Richard_Myers                  
340,Richard_Virenque               
341,Rita_Wilson                    
342,Rob_Lowe                       
343,Rob_Marshall                   
344,Robert_Blake                   
345,Robert_De_Niro                 
346,Robert_Duvall                  
347,Robert_Kocharian               
348,Robert_Zoellick                
349,Roberto_Carlos                 
350,Roger_Federer                  
351,Roger_Moore                    
352,Roh_Moo-hyun                   
353,Roman_Polanski                 
354,Ron_Dittemore                  
355,Rubens_Barrichello             
356,Rudolph_Giuliani               
357,Russell_Simmons                
358,Sachiko_Yamada                 
359,Saddam_Hussein                 
360,Sally_Field                    
361,Sandra_Bullock                 
362,Sarah_Hughes                   
363,Scott_Peterson                 
364,Sebastien_Grosjean             
365,Sepp_Blatter                   
366,Serena_Williams                
367,Sergei_Ivanov                  
368,Sergio_Vieira_De_Mello         
369,Sharon_Stone                   
370,Sheila_Copps                   
371,Sheryl_Crow                    
372,Shimon_Peres                   
373,Sila_Calderon                  
374,Silvan_Shalom                  
375,Slobodan_Milosevic             
376,Sonia_Gandhi                   
377,Sophia_Loren                   
378,Sourav_Ganguly                 
379,Steve_Nash                     
380,Steven_Spielberg               
381,Susan_Sarandon                 
382,Susilo_Bambang_Yudhoyono       
383,Sylvester_Stallone             
384,Taha_Yassin_Ramadan            
385,Tariq_Aziz                     
386,Thomas_Fargo                   
387,Tiger_Woods                    
388,Tim_Duncan                     
389,Tim_Henman                     
390,Tim_Robbins                    
391,Tom_Craddick                   
392,Tom_Crean                      
393,Tom_Daschle                    
394,Tom_Hanks                      
395,Tom_Harkin                     
396,Tom_Ridge                      
397,Tommy_Thompson                 
398,Tony_Bennett                   
399,Tony_Blair                     
400,Trent_Lott                     
401,Tung_Chee-hwa                  
402,Valentino_Rossi                
403,Vanessa_Incontrada             
404,Vanessa_Redgrave               
405,Venus_Williams                 
406,Victoria_Clarke                
407,Vince_Carter                   
408,Vitali_Klitschko               
409,Vladimir_Putin                 
410,Vojislav_Kostunica             
411,Walter_Mondale                 
412,Wayne_Ferreira                 
413,Wayne_Gretzky                  
414,Wen_Jiabao                     
415,William_Bulger                 
416,William_Donaldson              
417,William_Ford_Jr                
418,Win_Aung                       
419,Wolfgang_Schuessel             
420,Woody_Allen                    
421,Xanana_Gusmao                  
422,Xavier_Malisse                 
423,Yao_Ming                       
424,Yasar_Yakis                    
425,Yashwant_Sinha                 
426,Yasser_Arafat                  
427,Yoko_Ono                       
428,Yu_Shyi-kun                    
429,Zhu_Rongji                     
430,Zinedine_Zidane                
